{"scale":0.2087502915089984,"x":584.0936006170219,"y":279.58916357186564}