{"scale":0.16478940778292925,"x":513.1674364020325,"y":188.87623235451377}