{"scale":0.1464132544488294,"x":346.8506768593831,"y":176.45591005203454}