{"scale":0.443859473480187,"x":-834.2287009644771,"y":-167.24104528062838}