{"scale":0.2898982575523162,"x":752.0565121069347,"y":262.55581811766046}