{"scale":0.4119867595159063,"x":507.2301480247798,"y":315.5272756006177}