{"scale":0.14240907077610063,"x":639.1800661728058,"y":392.1904198824133}