{"scale":0.6006784366979929,"x":1409.667875549662,"y":107.2114956200119}