{"scale":0.28895922403035734,"x":399.5046895786078,"y":363.727595995036}