{"scale":0.2506823344444311,"x":767.7556366321064,"y":674.2397208575118}