{"scale":0.16478940778292925,"x":311.26715821953997,"y":286.3989347156448}