{"scale":0.3693338095151593,"x":-149.510764213858,"y":229.23739216694887}