{"scale":0.0960836018201692,"x":606.6425891046621,"y":336.990369788359}