{"scale":0.17070247155255322,"x":509.07272329794586,"y":456.184832114596}