{"scale":0.1615796856409061,"x":1806.6204556890302,"y":223.08109654310218}