{"scale":0.5007719483693207,"x":639.2407851120039,"y":38.56730694427665}