{"scale":0.16929147986623816,"x":588.5943587200367,"y":272.3733533684412}