{"scale":0.16478940778292925,"x":206.29640525094453,"y":277.0073022667902}