{"scale":0.3450324250566861,"x":166.4956010945691,"y":401.3582011656592}