{"scale":2.8810391723649604,"x":-687.8517672103899,"y":-551.6025410755411}