{"scale":0.14983858388706628,"x":492.44777079403923,"y":420.4954475593703}