{"scale":0.22544205059025313,"x":502.4186722413205,"y":175.09206499199948}