{"scale":0.4022715562512946,"x":1147.9428551952092,"y":582.2757988447146}