{"scale":0.30930343860286363,"x":756.1348284381409,"y":217.1401917796481}