{"scale":0.26909684426193997,"x":685.4952423999379,"y":51.3973857339118}