{"scale":0.16973309001641698,"x":543.1477740711022,"y":463.31677630493215}