{"scale":0.4998793255438404,"x":1264.7128008797913,"y":572.1862694629984}