{"scale":0.14772877607943252,"x":590.3135051930294,"y":192.11663812986683}