{"scale":0.29762800075126816,"x":611.1859192268638,"y":375.7179434592604}