{"scale":0.4712864092505464,"x":1942.5161547837833,"y":1133.9736395864547}