{"scale":0.3458683146416045,"x":260.70678399769304,"y":145.03297167716931}