{"scale":0.1466949100371593,"x":637.2177422419528,"y":229.0999854752652}