{"scale":0.30848667641645106,"x":285.3871944521833,"y":317.5704749512823}