{"scale":0.4747345900820923,"x":312.410983083047,"y":389.1321597854039}