{"scale":0.11490471835479997,"x":534.0552386629215,"y":392.01964124084276}