{"scale":0.32142645798198055,"x":407.41503575982756,"y":-0.4285523237202824}