{"scale":0.37966220578405124,"x":60.93031154061897,"y":958.1473673544226}