{"scale":0.07202561931063987,"x":445.4882990637251,"y":258.5069098334801}