{"scale":0.7076817714195357,"x":-794.1218846040565,"y":8.231917372838126}