{"scale":0.059060987371788394,"x":588.3776318605837,"y":322.4844629474402}