{"scale":0.5536757541863344,"x":121.57994915009115,"y":109.87064719565012}