{"scale":0.7664167323436262,"x":341.28499543284624,"y":611.4531241611112}