{"scale":0.2569503258886785,"x":253.67631842638193,"y":142.9843799484426}