{"scale":0.27237178247747895,"x":522.9978748358817,"y":253.92661659065743}