{"scale":0.3553833978083868,"x":421.37518707740315,"y":384.25214329961847}