{"scale":1.3396657068864304,"x":-43.569440770862734,"y":137.19303331357477}