{"scale":0.29762800075126805,"x":172.67049438996833,"y":292.9952061131754}