{"scale":0.2644386237645427,"x":690.9363129446606,"y":292.19344291635167}