{"scale":0.4217955344855028,"x":343.86288225061764,"y":379.8426662095407}