{"scale":0.15998971629410605,"x":554.9320334647189,"y":213.8654977909205}