{"scale":0.11455857416277776,"x":519.1289404073129,"y":361.62590722058246}