{"scale":0.24199880094894932,"x":260.412942375546,"y":314.05416010700304}