{"scale":0.22013192635374576,"x":483.447853030285,"y":185.1234759744585}