{"scale":0.256841071497253,"x":318.59405962805414,"y":13.64613833650111}