{"scale":0.5157951068204003,"x":523.4139831944542,"y":233.7772146861725}