{"scale":0.20117772489275387,"x":510.5579935049088,"y":358.17878364208354}