{"scale":0.24338090722760305,"x":807.0280424096418,"y":475.01699344504993}