{"scale":0.2087502915089984,"x":596.3635820476346,"y":249.27696296433095}