{"scale":0.16478940778292933,"x":633.8179860916192,"y":179.4922506694244}