{"scale":0.15418597453262953,"x":462.6879902240316,"y":214.98191791570102}