{"scale":0.1404880326378342,"x":145.12965864916475,"y":176.5619773671358}