{"scale":0.2644386237645427,"x":577.0376984317231,"y":298.5273421685138}